year;barrels per year;country
2000;5.7;Albania
2001;5.6;Albania
2002;7.1;Albania
2003;6.8;Albania
2004;7.6;Albania
2005;7;Albania
2006;9.1;Albania
2007;10;Albania
2008;6;Albania
2009;5.4;Albania
2010;11;Albania
2011;16;Albania
2012;17;Albania
2013;17;Albania
2014;21;Albania
2015;20;Albania
2016;23;Albania
2017;17;Albania
2018;16;Albania
2019;18;Albania
2020;17;Albania
2021;16;Albania
2022;15;Albania
2023;14;Albania
2000;1436;Algeria
2001;1507;Algeria
2002;1624;Algeria
2003;1790;Algeria
2004;1857;Algeria
2005;1930;Algeria
2006;1917;Algeria
2007;1942;Algeria
2008;1954;Algeria
2009;1910;Algeria
2010;1881;Algeria
2011;1863;Algeria
2012;1875;Algeria
2013;1763;Algeria
2014;1722;Algeria
2015;1798;Algeria
2016;1698;Algeria
2017;1633;Algeria
2018;1577;Algeria
2019;1570;Algeria
2020;1404;Algeria
2021;1415;Algeria
2022;1473;Algeria
2023;1444;Algeria
2000;745;Angola
2001;739;Angola
2002;897;Angola
2003;879;Angola
2004;990;Angola
2005;1255;Angola
2006;1426;Angola
2007;1727;Angola
2008;1960;Angola
2009;1886;Angola
2010;1918;Angola
2011;1765;Angola
2012;1797;Angola
2013;1814;Angola
2014;1756;Angola
2015;1828;Angola
2016;1797;Angola
2017;1708;Angola
2018;1637;Angola
2019;1489;Angola
2020;1284;Angola
2021;1150;Angola
2022;1185;Angola
2023;1174;Angola
2000;863;Argentina
2001;919;Argentina
2002;895;Argentina
2003;877;Argentina
2004;888;Argentina
2005;830;Argentina
2006;831;Argentina
2007;803;Argentina
2008;805;Argentina
2009;786;Argentina
2010;787;Argentina
2011;742;Argentina
2012;721;Argentina
2013;705;Argentina
2014;713;Argentina
2015;705;Argentina
2016;705;Argentina
2017;686;Argentina
2018;705;Argentina
2019;723;Argentina
2020;657;Argentina
2021;709;Argentina
2022;787;Argentina
2023;819;Argentina
2004;0;Armenia
2005;0;Armenia
2006;0;Armenia
2007;0;Armenia
2008;0;Armenia
2009;0;Armenia
2010;0;Armenia
2011;0;Armenia
2012;0;Armenia
2013;0;Armenia
2014;0;Armenia
2015;0;Armenia
2016;0;Armenia
2017;0;Armenia
2018;0;Armenia
2019;0;Armenia
2020;0;Armenia
2021;0;Armenia
2022;0;Armenia
2023;0;Armenia
2004;2.4;Aruba
2005;2.4;Aruba
2006;2.2;Aruba
2007;2.5;Aruba
2008;2.4;Aruba
2009;2.4;Aruba
2010;2.4;Aruba
2011;2.3;Aruba
2012;0.6;Aruba
2000;802;Australia
2001;739;Australia
2002;717;Australia
2003;618;Australia
2004;573;Australia
2005;544;Australia
2006;561;Australia
2007;568;Australia
2008;569;Australia
2009;576;Australia
2010;585;Australia
2011;508;Australia
2012;501;Australia
2013;425;Australia
2014;442;Australia
2015;396;Australia
2016;367;Australia
2017;337;Australia
2018;365;Australia
2019;475;Australia
2020;475;Australia
2021;460;Australia
2022;436;Australia
2023;405;Australia
2000;20;Austria
2001;21;Austria
2002;22;Austria
2003;20;Austria
2004;26;Austria
2005;25;Austria
2006;26;Austria
2007;28;Austria
2008;28;Austria
2009;28;Austria
2010;36;Austria
2011;36;Austria
2012;36;Austria
2013;27;Austria
2014;31;Austria
2015;32;Austria
2016;29;Austria
2017;27;Austria
2018;27;Austria
2019;26;Austria
2020;24;Austria
2021;25;Austria
2022;24;Austria
2023;23;Austria
2000;282;Azerbaijan
2001;301;Azerbaijan
2002;309;Azerbaijan
2003;312;Azerbaijan
2004;314;Azerbaijan
2005;450;Azerbaijan
2006;651;Azerbaijan
2007;865;Azerbaijan
2008;875;Azerbaijan
2009;1012;Azerbaijan
2010;1041;Azerbaijan
2011;989;Azerbaijan
2012;928;Azerbaijan
2013;877;Azerbaijan
2014;853;Azerbaijan
2015;854;Azerbaijan
2016;839;Azerbaijan
2017;795;Azerbaijan
2018;795;Azerbaijan
2019;773;Azerbaijan
2020;700;Azerbaijan
2021;717;Azerbaijan
2022;673;Azerbaijan
2023;623;Azerbaijan
2000;198;Bahrain
2001;193;Bahrain
2002;196;Bahrain
2003;200;Bahrain
2004;202;Bahrain
2005;201;Bahrain
2006;197;Bahrain
2007;197;Bahrain
2008;196;Bahrain
2009;196;Bahrain
2010;194;Bahrain
2011;202;Bahrain
2012;185;Bahrain
2013;211;Bahrain
2014;216;Bahrain
2015;216;Bahrain
2016;215;Bahrain
2017;213;Bahrain
2018;211;Bahrain
2019;211;Bahrain
2020;185;Bahrain
2021;189;Bahrain
2022;202;Bahrain
2023;193;Bahrain
2000;4;Bangladesh
2001;4;Bangladesh
2002;6;Bangladesh
2003;6;Bangladesh
2004;6.7;Bangladesh
2005;9.6;Bangladesh
2006;9.5;Bangladesh
2007;8.5;Bangladesh
2008;6.4;Bangladesh
2009;5.6;Bangladesh
2010;5.1;Bangladesh
2011;5.1;Bangladesh
2012;4.9;Bangladesh
2013;4.2;Bangladesh
2014;4.1;Bangladesh
2015;4.1;Bangladesh
2016;4.1;Bangladesh
2017;15;Bangladesh
2018;15;Bangladesh
2019;14;Bangladesh
2020;14;Bangladesh
2021;13;Bangladesh
2022;13;Bangladesh
2023;13;Bangladesh
2000;1;Barbados
2001;1;Barbados
2002;1.1;Barbados
2003;1;Barbados
2004;1;Barbados
2005;1;Barbados
2006;1;Barbados
2007;1;Barbados
2008;1;Barbados
2009;1;Barbados
2010;1;Barbados
2011;1;Barbados
2012;1;Barbados
2013;1;Barbados
2014;1;Barbados
2015;1;Barbados
2016;1;Barbados
2017;0.6;Barbados
2018;1;Barbados
2019;1;Barbados
2020;1;Barbados
2021;0.5;Barbados
2022;0.5;Barbados
2023;1.5;Barbados
2000;37;Belarus
2001;37;Belarus
2002;37;Belarus
2003;36;Belarus
2004;35;Belarus
2005;36;Belarus
2006;36;Belarus
2007;36;Belarus
2008;35;Belarus
2009;32;Belarus
2010;32;Belarus
2011;31;Belarus
2012;30;Belarus
2013;31;Belarus
2014;33;Belarus
2015;26;Belarus
2016;33;Belarus
2017;32;Belarus
2018;34;Belarus
2019;34;Belarus
2020;35;Belarus
2021;34;Belarus
2022;32;Belarus
2023;30;Belarus
2004;11;Belgium
2005;8.7;Belgium
2006;12;Belgium
2007;11;Belgium
2008;11;Belgium
2009;11;Belgium
2010;21;Belgium
2011;20;Belgium
2012;20;Belgium
2013;21;Belgium
2014;26;Belgium
2015;21;Belgium
2016;20;Belgium
2017;20;Belgium
2018;19;Belgium
2019;24;Belgium
2020;24;Belgium
2021;25;Belgium
2022;25;Belgium
2023;25;Belgium
2004;0;Belize
2005;0;Belize
2006;2.3;Belize
2007;3;Belize
2008;3.5;Belize
2009;4;Belize
2010;4.1;Belize
2011;3.9;Belize
2012;2.8;Belize
2013;2.2;Belize
2014;1.8;Belize
2015;1.7;Belize
2016;1.7;Belize
2017;1;Belize
2018;0.8;Belize
2019;1;Belize
2020;1.7;Belize
2021;0;Belize
2022;0;Belize
2023;0.8;Belize
2004;0;Benin
2005;0;Benin
2006;0;Benin
2007;0;Benin
2008;0;Benin
2009;0;Benin
2010;0;Benin
2011;0;Benin
2012;0;Benin
2013;0;Benin
2014;0;Benin
2015;0;Benin
2016;0;Benin
2017;0;Benin
2018;0;Benin
2019;0;Benin
2020;0;Benin
2021;0;Benin
2022;0;Benin
2023;0;Benin
2000;39;Bolivia
2001;44;Bolivia
2002;45;Bolivia
2003;47;Bolivia
2004;57;Bolivia
2005;51;Bolivia
2006;63;Bolivia
2007;65;Bolivia
2008;51;Bolivia
2009;46;Bolivia
2010;48;Bolivia
2011;49;Bolivia
2012;57;Bolivia
2013;65;Bolivia
2014;69;Bolivia
2015;74;Bolivia
2016;77;Bolivia
2017;78;Bolivia
2018;57;Bolivia
2019;52;Bolivia
2020;49;Bolivia
2021;65;Bolivia
2022;62;Bolivia
2023;58;Bolivia
2004;--;Bosnia and Herzegovina
2005;--;Bosnia and Herzegovina
2006;--;Bosnia and Herzegovina
2007;--;Bosnia and Herzegovina
2008;--;Bosnia and Herzegovina
2009;--;Bosnia and Herzegovina
2010;--;Bosnia and Herzegovina
2011;--;Bosnia and Herzegovina
2012;0.1;Bosnia and Herzegovina
2013;0.2;Bosnia and Herzegovina
2014;0.2;Bosnia and Herzegovina
2015;0.2;Bosnia and Herzegovina
2016;0.2;Bosnia and Herzegovina
2017;0.2;Bosnia and Herzegovina
2018;0.2;Bosnia and Herzegovina
2019;0.2;Bosnia and Herzegovina
2020;0.2;Bosnia and Herzegovina
2021;0.2;Bosnia and Herzegovina
2022;0.2;Bosnia and Herzegovina
2023;0.2;Bosnia and Herzegovina
2000;1268;Brazil
2001;1336;Brazil
2002;1499;Brazil
2003;1548;Brazil
2004;1585;Brazil
2005;1757;Brazil
2006;1864;Brazil
2007;1896;Brazil
2008;2429;Brazil
2009;2554;Brazil
2010;2714;Brazil
2011;2687;Brazil
2012;2656;Brazil
2013;2697;Brazil
2014;2954;Brazil
2015;3170;Brazil
2016;3219;Brazil
2017;3356;Brazil
2018;3413;Brazil
2019;3659;Brazil
2020;3768;Brazil
2021;3690;Brazil
2022;3810;Brazil
2023;4282;Brazil
2000;195;Brunei
2001;203;Brunei
2002;209;Brunei
2003;213;Brunei
2004;210;Brunei
2005;206;Brunei
2006;220;Brunei
2007;190;Brunei
2008;158;Brunei
2009;149;Brunei
2010;153;Brunei
2011;169;Brunei
2012;159;Brunei
2013;135;Brunei
2014;127;Brunei
2015;127;Brunei
2016;121;Brunei
2017;113;Brunei
2018;112;Brunei
2019;122;Brunei
2020;110;Brunei
2021;107;Brunei
2022;94;Brunei
2023;95;Brunei
2000;0.5;Bulgaria
2001;0.5;Bulgaria
2002;1;Bulgaria
2003;1;Bulgaria
2004;3.7;Bulgaria
2005;3.4;Bulgaria
2006;3.4;Bulgaria
2007;3.1;Bulgaria
2008;3.4;Bulgaria
2009;3.1;Bulgaria
2010;3.1;Bulgaria
2011;3;Bulgaria
2012;3.4;Bulgaria
2013;3.7;Bulgaria
2014;2.9;Bulgaria
2015;3.9;Bulgaria
2016;4.2;Bulgaria
2017;6;Bulgaria
2018;6.1;Bulgaria
2019;6.1;Bulgaria
2020;6;Bulgaria
2021;6.1;Bulgaria
2022;6.1;Bulgaria
2023;6.2;Bulgaria
2000;114;Cameroon
2001;103;Cameroon
2002;108;Cameroon
2003;102;Cameroon
2004;98;Cameroon
2005;90;Cameroon
2006;92;Cameroon
2007;87;Cameroon
2008;82;Cameroon
2009;77;Cameroon
2010;65;Cameroon
2011;62;Cameroon
2012;63;Cameroon
2013;63;Cameroon
2014;75;Cameroon
2015;98;Cameroon
2016;92;Cameroon
2017;76;Cameroon
2018;69;Cameroon
2019;70;Cameroon
2020;67;Cameroon
2021;64;Cameroon
2022;61;Cameroon
2023;54;Cameroon
2000;2722;Canada
2001;2728;Canada
2002;2858;Canada
2003;3003;Canada
2004;3159;Canada
2005;3202;Canada
2006;3383;Canada
2007;3493;Canada
2008;3345;Canada
2009;3308;Canada
2010;3430;Canada
2011;3584;Canada
2012;3842;Canada
2013;4057;Canada
2014;4378;Canada
2015;4494;Canada
2016;4577;Canada
2017;4947;Canada
2018;5348;Canada
2019;5478;Canada
2020;5235;Canada
2021;5537;Canada
2022;5694;Canada
2023;5760;Canada
2003;33;Chad
2004;173;Chad
2005;170;Chad
2006;156;Chad
2007;144;Chad
2008;127;Chad
2009;119;Chad
2010;123;Chad
2011;115;Chad
2012;104;Chad
2013;100;Chad
2014;121;Chad
2015;123;Chad
2016;114;Chad
2017;128;Chad
2018;132;Chad
2019;128;Chad
2020;123;Chad
2021;106;Chad
2022;110;Chad
2023;124;Chad
2000;9;Chile
2001;10;Chile
2002;9.4;Chile
2003;8.5;Chile
2004;14;Chile
2005;12;Chile
2006;17;Chile
2007;15;Chile
2008;13;Chile
2009;13;Chile
2010;18;Chile
2011;18;Chile
2012;17;Chile
2013;16;Chile
2014;14;Chile
2015;13;Chile
2016;11;Chile
2017;12;Chile
2018;15;Chile
2019;19;Chile
2020;16;Chile
2021;16;Chile
2022;17;Chile
2023;18;Chile
2000;3261;China
2001;3290;China
2002;3352;China
2003;3402;China
2004;3757;China
2005;3856;China
2006;3930;China
2007;4029;China
2008;4170;China
2009;4196;China
2010;4558;China
2011;4616;China
2012;4707;China
2013;4841;China
2014;4983;China
2015;5103;China
2016;4838;China
2017;4688;China
2018;4706;China
2019;4825;China
2020;4828;China
2021;4964;China
2022;5118;China
2023;5261;China
2000;688;Colombia
2001;606;Colombia
2002;580;Colombia
2003;545;Colombia
2004;538;Colombia
2005;539;Colombia
2006;542;Colombia
2007;547;Colombia
2008;603;Colombia
2009;689;Colombia
2010;805;Colombia
2011;937;Colombia
2012;973;Colombia
2013;1032;Colombia
2014;1015;Colombia
2015;1034;Colombia
2016;915;Colombia
2017;884;Colombia
2018;893;Colombia
2019;916;Colombia
2020;812;Colombia
2021;768;Colombia
2022;785;Colombia
2023;808;Colombia
2004;1;Costa Rica
2005;1.9;Costa Rica
2006;1.9;Costa Rica
2007;2.6;Costa Rica
2008;2.3;Costa Rica
2009;1.2;Costa Rica
2012;1.3;Costa Rica
2013;1.3;Costa Rica
2014;1.3;Costa Rica
2015;1.5;Costa Rica
2016;1.6;Costa Rica
2021;0.4;Costa Rica
2022;0.4;Costa Rica
2023;0.4;Costa Rica
2000;28;Croatia
2001;27;Croatia
2002;25;Croatia
2003;24;Croatia
2004;27;Croatia
2005;24;Croatia
2006;24;Croatia
2007;23;Croatia
2008;22;Croatia
2009;24;Croatia
2010;23;Croatia
2011;21;Croatia
2012;20;Croatia
2013;20;Croatia
2014;19;Croatia
2015;18;Croatia
2016;18;Croatia
2017;18;Croatia
2018;18;Croatia
2019;18;Croatia
2020;16;Croatia
2021;16;Croatia
2022;15;Croatia
2023;14;Croatia
2000;51;Cuba
2001;55;Cuba
2002;66;Cuba
2003;68;Cuba
2004;61;Cuba
2005;54;Cuba
2006;54;Cuba
2007;53;Cuba
2008;53;Cuba
2009;49;Cuba
2010;59;Cuba
2011;60;Cuba
2012;60;Cuba
2013;58;Cuba
2014;59;Cuba
2015;54;Cuba
2016;48;Cuba
2017;47;Cuba
2018;46;Cuba
2019;41;Cuba
2020;39;Cuba
2021;37;Cuba
2022;35;Cuba
2023;33;Cuba
2000;7.5;Czech Republic
2001;7.2;Czech Republic
2002;8.3;Czech Republic
2003;9.4;Czech Republic
2004;17;Czech Republic
2005;18;Czech Republic
2006;13;Czech Republic
2007;13;Czech Republic
2008;11;Czech Republic
2009;9.9;Czech Republic
2010;15;Czech Republic
2011;16;Czech Republic
2012;16;Czech Republic
2013;14;Czech Republic
2014;17;Czech Republic
2015;16;Czech Republic
2016;14;Czech Republic
2017;12;Czech Republic
2018;11;Czech Republic
2019;9.6;Czech Republic
2020;10;Czech Republic
2021;10;Czech Republic
2022;9;Czech Republic
2023;9.1;Czech Republic
2000;23;Democratic Republic of the Congo
2001;25;Democratic Republic of the Congo
2002;23;Democratic Republic of the Congo
2003;26;Democratic Republic of the Congo
2004;28;Democratic Republic of the Congo
2005;25;Democratic Republic of the Congo
2006;24;Democratic Republic of the Congo
2007;24;Democratic Republic of the Congo
2008;20;Democratic Republic of the Congo
2009;22;Democratic Republic of the Congo
2010;21;Democratic Republic of the Congo
2011;20;Democratic Republic of the Congo
2012;20;Democratic Republic of the Congo
2013;20;Democratic Republic of the Congo
2014;20;Democratic Republic of the Congo
2015;20;Democratic Republic of the Congo
2016;20;Democratic Republic of the Congo
2017;19;Democratic Republic of the Congo
2018;25;Democratic Republic of the Congo
2019;24;Democratic Republic of the Congo
2020;23;Democratic Republic of the Congo
2021;22;Democratic Republic of the Congo
2022;21;Democratic Republic of the Congo
2023;19;Democratic Republic of the Congo
2000;363;Denmark
2001;348;Denmark
2002;371;Denmark
2003;374;Denmark
2004;418;Denmark
2005;392;Denmark
2006;352;Denmark
2007;321;Denmark
2008;290;Denmark
2009;264;Denmark
2010;249;Denmark
2011;225;Denmark
2012;206;Denmark
2013;180;Denmark
2014;169;Denmark
2015;162;Denmark
2016;142;Denmark
2017;143;Denmark
2018;120;Denmark
2019;107;Denmark
2020;77;Denmark
2021;69;Denmark
2022;70;Denmark
2023;65;Denmark
2004;48;East Timor
2005;89;East Timor
2006;107;East Timor
2007;93;East Timor
2008;102;East Timor
2009;98;East Timor
2010;88;East Timor
2011;100;East Timor
2012;108;East Timor
2013;70;East Timor
2014;45;East Timor
2015;45;East Timor
2016;30;East Timor
2017;21;East Timor
2018;15;East Timor
2019;23;East Timor
2020;14;East Timor
2021;12;East Timor
2022;10;East Timor
2023;5;East Timor
2000;404;Ecuador
2001;433;Ecuador
2002;394;Ecuador
2003;423;Ecuador
2004;527;Ecuador
2005;535;Ecuador
2006;539;Ecuador
2007;506;Ecuador
2008;508;Ecuador
2009;489;Ecuador
2010;489;Ecuador
2011;502;Ecuador
2012;508;Ecuador
2013;531;Ecuador
2014;562;Ecuador
2015;548;Ecuador
2016;552;Ecuador
2017;536;Ecuador
2018;522;Ecuador
2019;536;Ecuador
2020;485;Ecuador
2021;476;Ecuador
2022;484;Ecuador
2023;478;Ecuador
2000;711;Egypt
2001;701;Egypt
2002;698;Egypt
2003;715;Egypt
2004;740;Egypt
2005;642;Egypt
2006;641;Egypt
2007;658;Egypt
2008;669;Egypt
2009;680;Egypt
2010;695;Egypt
2011;702;Egypt
2012;705;Egypt
2013;707;Egypt
2014;707;Egypt
2015;717;Egypt
2016;685;Egypt
2017;712;Egypt
2018;730;Egypt
2019;717;Egypt
2020;682;Egypt
2021;660;Egypt
2022;667;Egypt
2023;666;Egypt
2000;118;Equatorial Guinea
2001;194;Equatorial Guinea
2002;230;Equatorial Guinea
2003;266;Equatorial Guinea
2004;375;Equatorial Guinea
2005;380;Equatorial Guinea
2006;376;Equatorial Guinea
2007;363;Equatorial Guinea
2008;359;Equatorial Guinea
2009;346;Equatorial Guinea
2010;323;Equatorial Guinea
2011;299;Equatorial Guinea
2012;310;Equatorial Guinea
2013;291;Equatorial Guinea
2014;278;Equatorial Guinea
2015;268;Equatorial Guinea
2016;244;Equatorial Guinea
2017;203;Equatorial Guinea
2018;185;Equatorial Guinea
2019;167;Equatorial Guinea
2020;158;Equatorial Guinea
2021;143;Equatorial Guinea
2022;128;Equatorial Guinea
2023;98;Equatorial Guinea
2000;4.7;Estonia
2001;5;Estonia
2002;5.5;Estonia
2003;6.1;Estonia
2004;6.5;Estonia
2005;4.8;Estonia
2006;8.4;Estonia
2007;8.2;Estonia
2008;7.6;Estonia
2009;9;Estonia
2010;10;Estonia
2011;11;Estonia
2012;11;Estonia
2013;13;Estonia
2014;13;Estonia
2015;16;Estonia
2016;14;Estonia
2017;18;Estonia
2018;22;Estonia
2019;23;Estonia
2020;23;Estonia
2021;22;Estonia
2022;21;Estonia
2023;24;Estonia
2004;9.2;Finland
2005;9.2;Finland
2006;10;Finland
2007;9.8;Finland
2008;8.4;Finland
2009;8.3;Finland
2010;15;Finland
2011;13;Finland
2012;14;Finland
2013;15;Finland
2014;16;Finland
2015;17;Finland
2016;9.4;Finland
2017;16;Finland
2018;16;Finland
2019;16;Finland
2020;16;Finland
2021;17;Finland
2022;17;Finland
2023;17;Finland
2000;44;France
2001;40;France
2002;38;France
2003;39;France
2004;89;France
2005;85;France
2006;81;France
2007;73;France
2008;75;France
2009;70;France
2010;126;France
2011;121;France
2012;118;France
2013;119;France
2014;121;France
2015;123;France
2016;106;France
2017;110;France
2018;116;France
2019;100;France
2020;106;France
2021;108;France
2022;106;France
2023;107;France
2000;276;Gabon
2001;262;Gabon
2002;256;Gabon
2003;274;Gabon
2004;273;Gabon
2005;270;Gabon
2006;242;Gabon
2007;246;Gabon
2008;248;Gabon
2009;242;Gabon
2010;245;Gabon
2011;241;Gabon
2012;230;Gabon
2013;220;Gabon
2014;220;Gabon
2015;213;Gabon
2016;211;Gabon
2017;199;Gabon
2018;196;Gabon
2019;201;Gabon
2020;173;Gabon
2021;175;Gabon
2022;195;Gabon
2023;204;Gabon
2000;2.2;Georgia
2001;2;Georgia
2002;1.5;Georgia
2003;2.8;Georgia
2004;1.9;Georgia
2005;1.3;Georgia
2006;1.3;Georgia
2007;1.1;Georgia
2008;1;Georgia
2009;1;Georgia
2010;1;Georgia
2011;1;Georgia
2012;1;Georgia
2013;1;Georgia
2014;1;Georgia
2015;0.8;Georgia
2016;0.4;Georgia
2017;0.4;Georgia
2018;0.4;Georgia
2019;0.3;Georgia
2020;0.3;Georgia
2021;0.3;Georgia
2022;0.3;Georgia
2023;0.3;Georgia
2000;86;Germany
2001;86;Germany
2002;91;Germany
2003;95;Germany
2004;168;Germany
2005;146;Germany
2006;157;Germany
2007;144;Germany
2008;152;Germany
2009;148;Germany
2010;205;Germany
2011;210;Germany
2012;203;Germany
2013;199;Germany
2014;194;Germany
2015;186;Germany
2016;172;Germany
2017;166;Germany
2018;169;Germany
2019;162;Germany
2020;186;Germany
2021;189;Germany
2022;185;Germany
2023;185;Germany
2000;7;Ghana
2001;7;Ghana
2002;7;Ghana
2003;7;Ghana
2004;8.6;Ghana
2005;7.4;Ghana
2006;7.1;Ghana
2007;7.7;Ghana
2008;7.2;Ghana
2009;6.8;Ghana
2010;8.3;Ghana
2011;78;Ghana
2012;79;Ghana
2013;99;Ghana
2014;106;Ghana
2015;103;Ghana
2016;99;Ghana
2017;151;Ghana
2018;173;Ghana
2019;201;Ghana
2020;202;Ghana
2021;186;Ghana
2022;175;Ghana
2023;174;Ghana
2000;5.9;Greece
2001;4.1;Greece
2002;4;Greece
2003;3;Greece
2004;5;Greece
2005;5.2;Greece
2006;6.8;Greece
2007;5.6;Greece
2008;6.4;Greece
2009;5.7;Greece
2010;9.8;Greece
2011;8.7;Greece
2012;10;Greece
2013;10;Greece
2014;11;Greece
2015;11;Greece
2016;13;Greece
2017;13;Greece
2018;16;Greece
2019;16;Greece
2020;14;Greece
2021;15;Greece
2022;14;Greece
2023;15;Greece
2000;21;Guatemala
2001;21;Guatemala
2002;25;Guatemala
2003;25;Guatemala
2004;20;Guatemala
2005;18;Guatemala
2006;17;Guatemala
2007;18;Guatemala
2008;18;Guatemala
2009;17;Guatemala
2010;15;Guatemala
2011;15;Guatemala
2012;15;Guatemala
2013;14;Guatemala
2014;14;Guatemala
2015;13;Guatemala
2016;13;Guatemala
2017;9.6;Guatemala
2018;13;Guatemala
2019;14;Guatemala
2020;12;Guatemala
2021;11;Guatemala
2022;11;Guatemala
2023;6.2;Guatemala
2019;1.3;Guyana
2020;75;Guyana
2021;117;Guyana
2022;290;Guyana
2023;391;Guyana
2000;39;Hungary
2001;39;Hungary
2002;38;Hungary
2003;44;Hungary
2004;47;Hungary
2005;38;Hungary
2006;38;Hungary
2007;33;Hungary
2008;38;Hungary
2009;35;Hungary
2010;35;Hungary
2011;31;Hungary
2012;34;Hungary
2013;35;Hungary
2014;30;Hungary
2015;33;Hungary
2016;37;Hungary
2017;38;Hungary
2018;40;Hungary
2019;40;Hungary
2020;37;Hungary
2021;39;Hungary
2022;39;Hungary
2023;40;Hungary
2000;770;India
2001;768;India
2002;795;India
2003;801;India
2004;850;India
2005;833;India
2006;867;India
2007;894;India
2008;874;India
2009;868;India
2010;951;India
2011;992;India
2012;999;India
2013;994;India
2014;990;India
2015;995;India
2016;981;India
2017;1006;India
2018;986;India
2019;957;India
2020;905;India
2021;923;India
2022;937;India
2023;939;India
2000;1447;Indonesia
2001;1376;Indonesia
2002;1280;Indonesia
2003;1176;Indonesia
2004;1120;Indonesia
2005;1100;Indonesia
2006;1035;Indonesia
2007;985;Indonesia
2008;1023;Indonesia
2009;1002;Indonesia
2010;1013;Indonesia
2011;985;Indonesia
2012;957;Indonesia
2013;927;Indonesia
2014;909;Indonesia
2015;862;Indonesia
2016;941;Indonesia
2017;894;Indonesia
2018;909;Indonesia
2019;917;Indonesia
2020;895;Indonesia
2021;858;Indonesia
2022;834;Indonesia
2023;881;Indonesia
2000;3760;Iran
2001;3775;Iran
2002;3510;Iran
2003;3959;Iran
2004;4168;Iran
2005;4199;Iran
2006;4260;Iran
2007;4365;Iran
2008;4177;Iran
2009;4178;Iran
2010;4272;Iran
2011;4266;Iran
2012;3595;Iran
2013;3354;Iran
2014;3487;Iran
2015;3556;Iran
2016;4438;Iran
2017;4779;Iran
2018;4559;Iran
2019;3282;Iran
2020;2990;Iran
2021;3458;Iran
2022;3661;Iran
2023;3992;Iran
2000;2582;Iraq
2001;2377;Iraq
2002;2032;Iraq
2003;1335;Iraq
2004;2007;Iraq
2005;1833;Iraq
2006;1921;Iraq
2007;2113;Iraq
2008;2385;Iraq
2009;2400;Iraq
2010;2435;Iraq
2011;2662;Iraq
2012;3014;Iraq
2013;3082;Iraq
2014;3428;Iraq
2015;4123;Iraq
2016;4530;Iraq
2017;4519;Iraq
2018;4681;Iraq
2019;4783;Iraq
2020;4152;Iraq
2021;4149;Iraq
2022;4553;Iraq
2023;4436;Iraq
2004;6;Israel
2005;3.7;Israel
2006;4;Israel
2007;4.8;Israel
2008;5.4;Israel
2009;5.4;Israel
2010;5.1;Israel
2011;5.1;Israel
2012;6;Israel
2013;5.5;Israel
2014;5.7;Israel
2015;5.2;Israel
2016;4.7;Israel
2017;5.5;Israel
2018;6.2;Israel
2019;6.6;Israel
2020;8.3;Israel
2021;8.8;Israel
2022;9.7;Israel
2023;21;Israel
2000;78;Italy
2001;64;Italy
2002;85;Italy
2003;90;Italy
2004;153;Italy
2005;161;Italy
2006;158;Italy
2007;162;Italy
2008;162;Italy
2009;140;Italy
2010;167;Italy
2011;157;Italy
2012;152;Italy
2013;181;Italy
2014;176;Italy
2015;181;Italy
2016;143;Italy
2017;129;Italy
2018;143;Italy
2019;124;Italy
2020;152;Italy
2021;147;Italy
2022;131;Italy
2023;147;Italy
2000;7;Ivory Coast
2001;6;Ivory Coast
2002;16;Ivory Coast
2003;23;Ivory Coast
2004;25;Ivory Coast
2005;41;Ivory Coast
2006;63;Ivory Coast
2007;49;Ivory Coast
2008;60;Ivory Coast
2009;58;Ivory Coast
2010;44;Ivory Coast
2011;40;Ivory Coast
2012;39;Ivory Coast
2013;38;Ivory Coast
2014;37;Ivory Coast
2015;31;Ivory Coast
2016;42;Ivory Coast
2017;39;Ivory Coast
2018;38;Ivory Coast
2019;40;Ivory Coast
2020;38;Ivory Coast
2021;34;Ivory Coast
2022;31;Ivory Coast
2023;31;Ivory Coast
2004;1.5;Jamaica
2005;1.8;Jamaica
2006;4.6;Jamaica
2007;4.3;Jamaica
2008;5.7;Jamaica
2009;6.1;Jamaica
2010;1.3;Jamaica
2011;2.3;Jamaica
2012;2.4;Jamaica
2013;2.3;Jamaica
2014;2.5;Jamaica
2015;-0.7;Jamaica
2016;0.9;Jamaica
2017;-0.7;Jamaica
2018;-0.7;Jamaica
2019;-0.7;Jamaica
2020;-0.7;Jamaica
2021;2.2;Jamaica
2022;2.2;Jamaica
2023;2.2;Jamaica
2000;17;Japan
2001;18;Japan
2002;15;Japan
2003;17;Japan
2004;123;Japan
2005;129;Japan
2006;129;Japan
2007;133;Japan
2008;129;Japan
2009;122;Japan
2010;123;Japan
2011;114;Japan
2012;106;Japan
2013;111;Japan
2014;108;Japan
2015;111;Japan
2016;96;Japan
2017;103;Japan
2018;98;Japan
2019;101;Japan
2020;96;Japan
2021;104;Japan
2022;101;Japan
2023;103;Japan
2008;0.7;Jordan
2009;0.5;Jordan
2010;0.1;Jordan
2011;0.4;Jordan
2012;0.4;Jordan
2013;0.3;Jordan
2014;0.4;Jordan
2015;0.3;Jordan
2016;0.3;Jordan
2017;0.3;Jordan
2018;0.3;Jordan
2019;0.3;Jordan
2020;0.3;Jordan
2021;0.3;Jordan
2022;0.3;Jordan
2023;0.3;Jordan
2000;718;Kazakhstan
2001;822;Kazakhstan
2002;976;Kazakhstan
2003;1065;Kazakhstan
2004;1247;Kazakhstan
2005;1297;Kazakhstan
2006;1367;Kazakhstan
2007;1420;Kazakhstan
2008;1431;Kazakhstan
2009;1541;Kazakhstan
2010;1608;Kazakhstan
2011;1637;Kazakhstan
2012;1605;Kazakhstan
2013;1658;Kazakhstan
2014;1719;Kazakhstan
2015;1751;Kazakhstan
2016;1698;Kazakhstan
2017;1879;Kazakhstan
2018;1965;Kazakhstan
2019;1966;Kazakhstan
2020;1860;Kazakhstan
2021;1864;Kazakhstan
2022;1829;Kazakhstan
2023;1957;Kazakhstan
2000;1880;Kuwait
2001;1838;Kuwait
2002;1726;Kuwait
2003;1995;Kuwait
2004;2181;Kuwait
2005;2561;Kuwait
2006;2631;Kuwait
2007;2567;Kuwait
2008;2728;Kuwait
2009;2505;Kuwait
2010;2449;Kuwait
2011;2717;Kuwait
2012;2834;Kuwait
2013;2900;Kuwait
2014;2892;Kuwait
2015;3060;Kuwait
2016;3163;Kuwait
2017;3025;Kuwait
2018;3059;Kuwait
2019;3017;Kuwait
2020;2735;Kuwait
2021;2717;Kuwait
2022;3022;Kuwait
2023;2906;Kuwait
2004;0.2;Latvia
2005;0.3;Latvia
2006;0.3;Latvia
2007;0.5;Latvia
2008;0.9;Latvia
2009;1.2;Latvia
2010;1.2;Latvia
2011;1.2;Latvia
2012;1.9;Latvia
2013;1.4;Latvia
2014;1.6;Latvia
2015;1.2;Latvia
2016;0.9;Latvia
2017;1.6;Latvia
2018;1.6;Latvia
2019;1.6;Latvia
2020;1.6;Latvia
2021;1.6;Latvia
2022;1.6;Latvia
2023;1.6;Latvia
2000;1471;Libya
2001;1425;Libya
2002;1376;Libya
2003;1483;Libya
2004;1609;Libya
2005;1721;Libya
2006;1820;Libya
2007;1824;Libya
2008;1941;Libya
2009;1845;Libya
2010;1845;Libya
2011;522;Libya
2012;1548;Libya
2013;1046;Libya
2014;576;Libya
2015;493;Libya
2016;479;Libya
2017;913;Libya
2018;1046;Libya
2019;1193;Libya
2020;417;Libya
2021;1252;Libya
2022;1077;Libya
2023;1244;Libya
2004;11;Lithuania
2005;9.8;Lithuania
2006;8.4;Lithuania
2007;7.6;Lithuania
2008;9.8;Lithuania
2009;8.8;Lithuania
2010;9.2;Lithuania
2011;8.4;Lithuania
2012;8.7;Lithuania
2013;8.8;Lithuania
2014;8.4;Lithuania
2015;8.6;Lithuania
2016;8.2;Lithuania
2017;8.7;Lithuania
2018;8.8;Lithuania
2019;8.8;Lithuania
2020;8.5;Lithuania
2021;8.9;Lithuania
2022;8.9;Lithuania
2023;9;Lithuania
2000;711;Malaysia
2001;756;Malaysia
2002;804;Malaysia
2003;833;Malaysia
2004;804;Malaysia
2005;791;Malaysia
2006;750;Malaysia
2007;752;Malaysia
2008;759;Malaysia
2009;718;Malaysia
2010;731;Malaysia
2011;667;Malaysia
2012;673;Malaysia
2013;645;Malaysia
2014;671;Malaysia
2015;724;Malaysia
2016;757;Malaysia
2017;754;Malaysia
2018;754;Malaysia
2019;711;Malaysia
2020;656;Malaysia
2021;609;Malaysia
2022;603;Malaysia
2023;597;Malaysia
2000;0.2;Mongolia
2001;0.2;Mongolia
2002;0.4;Mongolia
2003;0.5;Mongolia
2004;0.6;Mongolia
2005;0.5;Mongolia
2006;1;Mongolia
2007;2.3;Mongolia
2008;3.2;Mongolia
2009;5.1;Mongolia
2010;6;Mongolia
2011;7;Mongolia
2012;9.9;Mongolia
2013;14;Mongolia
2014;20;Mongolia
2015;23;Mongolia
2016;23;Mongolia
2017;20;Mongolia
2018;19;Mongolia
2019;18;Mongolia
2020;18;Mongolia
2021;17;Mongolia
2022;16;Mongolia
2023;15;Mongolia
2000;12;Myanmar
2001;13;Myanmar
2002;16;Myanmar
2003;20;Myanmar
2004;20;Myanmar
2005;23;Myanmar
2006;22;Myanmar
2007;22;Myanmar
2008;22;Myanmar
2009;19;Myanmar
2010;21;Myanmar
2011;21;Myanmar
2012;21;Myanmar
2013;21;Myanmar
2014;20;Myanmar
2015;16;Myanmar
2016;16;Myanmar
2017;12;Myanmar
2018;9.5;Myanmar
2019;8.5;Myanmar
2020;8.4;Myanmar
2021;8.2;Myanmar
2022;8;Myanmar
2023;7.7;Myanmar
2000;49;Netherlands
2001;47;Netherlands
2002;63;Netherlands
2003;62;Netherlands
2004;94;Netherlands
2005;82;Netherlands
2006;75;Netherlands
2007;86;Netherlands
2008;69;Netherlands
2009;61;Netherlands
2010;60;Netherlands
2011;68;Netherlands
2012;84;Netherlands
2013;79;Netherlands
2014;91;Netherlands
2015;86;Netherlands
2016;62;Netherlands
2017;67;Netherlands
2018;66;Netherlands
2019;71;Netherlands
2020;91;Netherlands
2021;92;Netherlands
2022;88;Netherlands
2023;85;Netherlands
2000;45;New Zealand
2001;41;New Zealand
2002;38;New Zealand
2003;29;New Zealand
2004;43;New Zealand
2005;27;New Zealand
2006;26;New Zealand
2007;48;New Zealand
2008;65;New Zealand
2009;61;New Zealand
2010;63;New Zealand
2011;55;New Zealand
2012;51;New Zealand
2013;45;New Zealand
2014;51;New Zealand
2015;53;New Zealand
2016;46;New Zealand
2017;27;New Zealand
2018;26;New Zealand
2019;22;New Zealand
2020;20;New Zealand
2021;20;New Zealand
2022;18;New Zealand
2023;20;New Zealand
2011;6.7;Niger
2012;20;Niger
2013;20;Niger
2014;20;Niger
2015;14;Niger
2016;13;Niger
2017;13;Niger
2018;12;Niger
2019;11;Niger
2020;9.9;Niger
2021;8.4;Niger
2022;8.4;Niger
2023;6.4;Niger
2000;2160;Nigeria
2001;2223;Nigeria
2002;2116;Nigeria
2003;2286;Nigeria
2004;2486;Nigeria
2005;2549;Nigeria
2006;2423;Nigeria
2007;2305;Nigeria
2008;2169;Nigeria
2009;2212;Nigeria
2010;2462;Nigeria
2011;2527;Nigeria
2012;2511;Nigeria
2013;2361;Nigeria
2014;2405;Nigeria
2015;2234;Nigeria
2016;1938;Nigeria
2017;2019;Nigeria
2018;1977;Nigeria
2019;2010;Nigeria
2020;1854;Nigeria
2021;1601;Nigeria
2022;1370;Nigeria
2023;1517;Nigeria
2004;0.1;North Korea
2005;0.1;North Korea
2006;0;North Korea
2007;0.1;North Korea
2008;0.1;North Korea
2009;0;North Korea
2010;0.1;North Korea
2011;0.1;North Korea
2012;0.1;North Korea
2013;0.1;North Korea
2014;0.1;North Korea
2015;0.1;North Korea
2016;0.1;North Korea
2017;0.1;North Korea
2018;0.1;North Korea
2019;0.1;North Korea
2020;0.1;North Korea
2021;0.1;North Korea
2022;0.1;North Korea
2023;0.1;North Korea
2000;3331;Norway
2001;3403;Norway
2002;3322;Norway
2003;3253;Norway
2004;3188;Norway
2005;2972;Norway
2006;2782;Norway
2007;2560;Norway
2008;2464;Norway
2009;2351;Norway
2010;2142;Norway
2011;2046;Norway
2012;1922;Norway
2013;1842;Norway
2014;1893;Norway
2015;1952;Norway
2016;1999;Norway
2017;1975;Norway
2018;1858;Norway
2019;1743;Norway
2020;2007;Norway
2021;2031;Norway
2022;1907;Norway
2023;2025;Norway
2000;958;Oman
2001;959;Oman
2002;900;Oman
2003;822;Oman
2004;781;Oman
2005;775;Oman
2006;738;Oman
2007;711;Oman
2008;760;Oman
2009;819;Oman
2010;869;Oman
2011;891;Oman
2012;924;Oman
2013;945;Oman
2014;951;Oman
2015;989;Oman
2016;1012;Oman
2017;979;Oman
2018;987;Oman
2019;980;Oman
2020;958;Oman
2021;980;Oman
2022;1073;Oman
2023;1057;Oman
2000;58;Pakistan
2001;64;Pakistan
2002;64;Pakistan
2003;62;Pakistan
2004;70;Pakistan
2005;87;Pakistan
2006;92;Pakistan
2007;93;Pakistan
2008;68;Pakistan
2009;67;Pakistan
2010;69;Pakistan
2011;70;Pakistan
2012;75;Pakistan
2013;85;Pakistan
2014;98;Pakistan
2015;93;Pakistan
2016;89;Pakistan
2017;106;Pakistan
2018;107;Pakistan
2019;102;Pakistan
2020;91;Pakistan
2021;93;Pakistan
2022;88;Pakistan
2023;90;Pakistan
2000;64;Papua New Guinea
2001;60;Papua New Guinea
2002;48;Papua New Guinea
2003;49;Papua New Guinea
2004;42;Papua New Guinea
2005;54;Papua New Guinea
2006;49;Papua New Guinea
2007;39;Papua New Guinea
2008;41;Papua New Guinea
2009;40;Papua New Guinea
2010;31;Papua New Guinea
2011;29;Papua New Guinea
2012;27;Papua New Guinea
2013;31;Papua New Guinea
2014;49;Papua New Guinea
2015;58;Papua New Guinea
2016;56;Papua New Guinea
2017;50;Papua New Guinea
2018;36;Papua New Guinea
2019;35;Papua New Guinea
2020;39;Papua New Guinea
2021;37;Papua New Guinea
2022;34;Papua New Guinea
2023;32;Papua New Guinea
2005;0.6;Paraguay
2006;0.8;Paraguay
2007;1.1;Paraguay
2008;1.7;Paraguay
2009;2.2;Paraguay
2010;2.5;Paraguay
2011;2.6;Paraguay
2012;2.9;Paraguay
2013;3.3;Paraguay
2014;3.6;Paraguay
2015;4.8;Paraguay
2016;4.7;Paraguay
2017;5.7;Paraguay
2018;6.9;Paraguay
2019;9;Paraguay
2020;9;Paraguay
2021;2;Paraguay
2022;2;Paraguay
2023;2;Paraguay
2023;121;Peru
2000;0.9;Philippines
2001;11;Philippines
2002;14;Philippines
2003;20;Philippines
2004;17;Philippines
2005;18;Philippines
2006;17;Philippines
2007;19;Philippines
2008;27;Philippines
2009;39;Philippines
2010;37;Philippines
2011;38;Philippines
2012;35;Philippines
2013;41;Philippines
2014;45;Philippines
2015;35;Philippines
2016;32;Philippines
2017;17;Philippines
2018;16;Philippines
2019;15;Philippines
2020;14;Philippines
2021;15;Philippines
2022;15;Philippines
2023;15;Philippines
2000;15;Poland
2001;17;Poland
2002;16;Poland
2003;16;Poland
2004;35;Poland
2005;33;Poland
2006;32;Poland
2007;32;Poland
2008;36;Poland
2009;33;Poland
2010;38;Poland
2011;36;Poland
2012;43;Poland
2013;53;Poland
2014;54;Poland
2015;52;Poland
2016;51;Poland
2017;32;Poland
2018;41;Poland
2019;40;Poland
2020;39;Poland
2021;36;Poland
2022;33;Poland
2023;34;Poland
2004;3.8;Portugal
2005;4.1;Portugal
2006;5.3;Portugal
2007;5.5;Portugal
2008;7.3;Portugal
2009;4.8;Portugal
2010;10;Portugal
2011;11;Portugal
2012;8.7;Portugal
2013;11;Portugal
2014;11;Portugal
2015;11;Portugal
2016;11;Portugal
2017;12;Portugal
2018;11;Portugal
2019;11;Portugal
2020;12;Portugal
2021;12;Portugal
2022;12;Portugal
2023;12;Portugal
2000;860;Qatar
2001;881;Qatar
2002;869;Qatar
2003;1041;Qatar
2004;1184;Qatar
2005;1228;Qatar
2006;1284;Qatar
2007;1332;Qatar
2008;1484;Qatar
2009;1475;Qatar
2010;1676;Qatar
2011;1822;Qatar
2012;2013;Qatar
2013;2009;Qatar
2014;1920;Qatar
2015;1863;Qatar
2016;1845;Qatar
2017;1792;Qatar
2018;1821;Qatar
2019;1745;Qatar
2020;1766;Qatar
2021;1801;Qatar
2022;1804;Qatar
2023;1826;Qatar
2010;1.3;Republic of Ireland
2011;0.3;Republic of Ireland
2012;0.6;Republic of Ireland
2013;0.4;Republic of Ireland
2014;0.4;Republic of Ireland
2015;0.2;Republic of Ireland
2016;0.3;Republic of Ireland
2017;0.4;Republic of Ireland
2018;0.5;Republic of Ireland
2019;0.8;Republic of Ireland
2020;0.8;Republic of Ireland
2021;0.8;Republic of Ireland
2022;0.8;Republic of Ireland
2023;0.8;Republic of Ireland
2000;265;Republic of the Congo
2001;248;Republic of the Congo
2002;238;Republic of the Congo
2003;217;Republic of the Congo
2004;225;Republic of the Congo
2005;246;Republic of the Congo
2006;278;Republic of the Congo
2007;223;Republic of the Congo
2008;240;Republic of the Congo
2009;275;Republic of the Congo
2010;346;Republic of the Congo
2011;296;Republic of the Congo
2012;270;Republic of the Congo
2013;248;Republic of the Congo
2014;241;Republic of the Congo
2015;245;Republic of the Congo
2016;205;Republic of the Congo
2017;253;Republic of the Congo
2018;347;Republic of the Congo
2019;335;Republic of the Congo
2020;289;Republic of the Congo
2021;271;Republic of the Congo
2022;279;Republic of the Congo
2023;267;Republic of the Congo
2000;131;Romania
2001;131;Romania
2002;128;Romania
2003;123;Romania
2004;130;Romania
2005;125;Romania
2006;117;Romania
2007;120;Romania
2008;116;Romania
2009;111;Romania
2010;105;Romania
2011;104;Romania
2012;100;Romania
2013;103;Romania
2014;102;Romania
2015;100;Romania
2016;93;Romania
2017;89;Romania
2018;88;Romania
2019;88;Romania
2020;86;Romania
2021;84;Romania
2022;80;Romania
2023;77;Romania
2000;6527;Russia
2001;7061;Russia
2002;7741;Russia
2003;8581;Russia
2004;9387;Russia
2005;9647;Russia
2006;9734;Russia
2007;10038;Russia
2008;9874;Russia
2009;10047;Russia
2010;10288;Russia
2011;10409;Russia
2012;10596;Russia
2013;10766;Russia
2014;10853;Russia
2015;11035;Russia
2016;11245;Russia
2017;11231;Russia
2018;11385;Russia
2019;11474;Russia
2020;10496;Russia
2021;10777;Russia
2022;10978;Russia
2023;10907;Russia
2000;9068;Saudi Arabia
2001;8798;Saudi Arabia
2002;8557;Saudi Arabia
2003;9976;Saudi Arabia
2004;10214;Saudi Arabia
2005;10933;Saudi Arabia
2006;10773;Saudi Arabia
2007;10304;Saudi Arabia
2008;11428;Saudi Arabia
2009;10314;Saudi Arabia
2010;9748;Saudi Arabia
2011;11018;Saudi Arabia
2012;11490;Saudi Arabia
2013;11272;Saudi Arabia
2014;11334;Saudi Arabia
2015;11763;Saudi Arabia
2016;12170;Saudi Arabia
2017;11832;Saudi Arabia
2018;12114;Saudi Arabia
2019;11467;Saudi Arabia
2020;10846;Saudi Arabia
2021;10835;Saudi Arabia
2022;12144;Saudi Arabia
2023;11133;Saudi Arabia
2006;17;Serbia
2007;17;Serbia
2008;18;Serbia
2009;20;Serbia
2010;22;Serbia
2011;20;Serbia
2012;18;Serbia
2013;20;Serbia
2014;19;Serbia
2015;23;Serbia
2016;23;Serbia
2017;20;Serbia
2018;19;Serbia
2019;19;Serbia
2020;18;Serbia
2021;17;Serbia
2022;16;Serbia
2023;15;Serbia
2004;9.8;Singapore
2005;8.6;Singapore
2006;10;Singapore
2007;12;Singapore
2008;23;Singapore
2009;18;Singapore
2010;20;Singapore
2011;31;Singapore
2012;36;Singapore
2013;32;Singapore
2014;36;Singapore
2015;31;Singapore
2016;32;Singapore
2017;19;Singapore
2018;19;Singapore
2019;20;Singapore
2020;18;Singapore
2021;20;Singapore
2022;20;Singapore
2023;20;Singapore
2000;1.2;Slovakia
2001;1.3;Slovakia
2002;6.5;Slovakia
2003;6;Slovakia
2004;11;Slovakia
2005;8.2;Slovakia
2006;8;Slovakia
2007;7.5;Slovakia
2008;11;Slovakia
2009;7.1;Slovakia
2010;12;Slovakia
2011;10;Slovakia
2012;9;Slovakia
2013;11;Slovakia
2014;11;Slovakia
2015;12;Slovakia
2016;12;Slovakia
2017;9.5;Slovakia
2018;6.6;Slovakia
2019;5.8;Slovakia
2020;5.9;Slovakia
2021;6.4;Slovakia
2022;7;Slovakia
2023;9.5;Slovakia
2000;199;South Africa
2001;194;South Africa
2002;206;South Africa
2003;192;South Africa
2004;234;South Africa
2005;223;South Africa
2006;220;South Africa
2007;214;South Africa
2008;193;South Africa
2009;181;South Africa
2010;178;South Africa
2011;179;South Africa
2012;178;South Africa
2013;178;South Africa
2014;161;South Africa
2015;121;South Africa
2016;116;South Africa
2017;119;South Africa
2018;115;South Africa
2019;118;South Africa
2020;100;South Africa
2021;118;South Africa
2022;110;South Africa
2023;108;South Africa
2000;13;South Korea
2001;12;South Korea
2002;11;South Korea
2003;10;South Korea
2004;17;South Korea
2005;17;South Korea
2006;20;South Korea
2007;29;South Korea
2008;41;South Korea
2009;50;South Korea
2010;59;South Korea
2011;59;South Korea
2012;71;South Korea
2013;72;South Korea
2014;81;South Korea
2015;91;South Korea
2016;90;South Korea
2017;88;South Korea
2018;94;South Korea
2019;97;South Korea
2020;99;South Korea
2021;108;South Korea
2022;108;South Korea
2023;109;South Korea
2012;23;South Sudan
2013;116;South Sudan
2014;148;South Sudan
2015;153;South Sudan
2016;152;South Sudan
2017;150;South Sudan
2018;156;South Sudan
2019;157;South Sudan
2020;163;South Sudan
2021;157;South Sudan
2022;155;South Sudan
2023;146;South Sudan
2000;4.7;Spain
2001;6.9;Spain
2002;6.4;Spain
2003;6.6;Spain
2004;37;Spain
2005;38;Spain
2006;38;Spain
2007;28;Spain
2008;27;Spain
2009;26;Spain
2010;50;Spain
2011;47;Spain
2012;48;Spain
2013;65;Spain
2014;64;Spain
2015;63;Spain
2016;60;Spain
2017;77;Spain
2018;76;Spain
2019;76;Spain
2020;75;Spain
2021;77;Spain
2022;76;Spain
2023;77;Spain
2000;177;Sudan
2001;208;Sudan
2002;241;Sudan
2003;265;Sudan
2004;304;Sudan
2005;308;Sudan
2006;348;Sudan
2007;479;Sudan
2008;480;Sudan
2009;486;Sudan
2010;488;Sudan
2011;455;Sudan
2012;94;Sudan
2013;136;Sudan
2014;116;Sudan
2015;111;Sudan
2016;107;Sudan
2017;104;Sudan
2018;69;Sudan
2019;72;Sudan
2020;65;Sudan
2021;63;Sudan
2022;67;Sudan
2023;70;Sudan
2000;10;Suriname
2001;10;Suriname
2002;10;Suriname
2003;11;Suriname
2004;11;Suriname
2005;11;Suriname
2006;12;Suriname
2007;13;Suriname
2008;15;Suriname
2009;15;Suriname
2010;15;Suriname
2011;16;Suriname
2012;16;Suriname
2013;15;Suriname
2014;15;Suriname
2015;16;Suriname
2016;16;Suriname
2017;16;Suriname
2018;16;Suriname
2019;16;Suriname
2020;15;Suriname
2021;14;Suriname
2022;14;Suriname
2023;13;Suriname
2004;4.6;Sweden
2005;4;Sweden
2006;5.3;Sweden
2007;7.3;Sweden
2008;9;Sweden
2009;11;Sweden
2010;10;Sweden
2011;10;Sweden
2012;10;Sweden
2013;8.8;Sweden
2014;12;Sweden
2015;13;Sweden
2016;13;Sweden
2017;17;Sweden
2018;15;Sweden
2019;13;Sweden
2020;13;Sweden
2021;13;Sweden
2022;13;Sweden
2023;13;Sweden
2004;3.4;Switzerland
2005;3.3;Switzerland
2006;4;Switzerland
2007;3.5;Switzerland
2008;3.6;Switzerland
2009;3.4;Switzerland
2010;3.1;Switzerland
2011;3;Switzerland
2012;2.5;Switzerland
2013;3;Switzerland
2014;3;Switzerland
2015;1.9;Switzerland
2016;1.1;Switzerland
2017;1.3;Switzerland
2018;1.3;Switzerland
2019;1.2;Switzerland
2020;1.1;Switzerland
2021;1.2;Switzerland
2022;1.2;Switzerland
2023;1.2;Switzerland
2000;573;Syria
2001;613;Syria
2002;677;Syria
2003;652;Syria
2004;484;Syria
2005;445;Syria
2006;419;Syria
2007;401;Syria
2008;401;Syria
2009;400;Syria
2010;416;Syria
2011;370;Syria
2012;168;Syria
2013;73;Syria
2014;31;Syria
2015;36;Syria
2016;35;Syria
2017;24;Syria
2018;31;Syria
2019;37;Syria
2020;54;Syria
2021;79;Syria
2022;94;Syria
2023;99;Syria
2000;1;Taiwan
2001;1;Taiwan
2002;0.9;Taiwan
2003;0.8;Taiwan
2004;11;Taiwan
2005;16;Taiwan
2006;21;Taiwan
2007;26;Taiwan
2008;16;Taiwan
2009;25;Taiwan
2010;24;Taiwan
2011;20;Taiwan
2012;23;Taiwan
2013;26;Taiwan
2014;25;Taiwan
2015;24;Taiwan
2016;22;Taiwan
2017;24;Taiwan
2018;24;Taiwan
2019;24;Taiwan
2020;23;Taiwan
2021;25;Taiwan
2022;25;Taiwan
2023;25;Taiwan
2000;0.4;Tajikistan
2001;0.3;Tajikistan
2002;0.3;Tajikistan
2003;0.4;Tajikistan
2004;0.4;Tajikistan
2005;0.3;Tajikistan
2006;0.3;Tajikistan
2007;0.3;Tajikistan
2008;0.2;Tajikistan
2009;0.2;Tajikistan
2010;0.2;Tajikistan
2011;0.2;Tajikistan
2012;0.2;Tajikistan
2013;0.2;Tajikistan
2014;0.2;Tajikistan
2015;0.2;Tajikistan
2016;0.2;Tajikistan
2017;0.3;Tajikistan
2018;0.3;Tajikistan
2019;0.3;Tajikistan
2020;0.3;Tajikistan
2021;0.3;Tajikistan
2022;0.3;Tajikistan
2023;0.3;Tajikistan
2000;194;Thailand
2001;206;Thailand
2002;223;Thailand
2003;255;Thailand
2004;274;Thailand
2005;309;Thailand
2006;343;Thailand
2007;361;Thailand
2008;387;Thailand
2009;411;Thailand
2010;420;Thailand
2011;445;Thailand
2012;485;Thailand
2013;493;Thailand
2014;493;Thailand
2015;514;Thailand
2016;525;Thailand
2017;536;Thailand
2018;520;Thailand
2019;525;Thailand
2020;489;Thailand
2021;461;Thailand
2022;421;Thailand
2023;409;Thailand
2000;138;Trinidad and Tobago
2001;134;Trinidad and Tobago
2002;154;Trinidad and Tobago
2003;163;Trinidad and Tobago
2004;151;Trinidad and Tobago
2005;171;Trinidad and Tobago
2006;180;Trinidad and Tobago
2007;157;Trinidad and Tobago
2008;157;Trinidad and Tobago
2009;153;Trinidad and Tobago
2010;146;Trinidad and Tobago
2011;115;Trinidad and Tobago
2012;106;Trinidad and Tobago
2013;103;Trinidad and Tobago
2014;102;Trinidad and Tobago
2015;96;Trinidad and Tobago
2016;97;Trinidad and Tobago
2017;99;Trinidad and Tobago
2018;88;Trinidad and Tobago
2019;83;Trinidad and Tobago
2020;77;Trinidad and Tobago
2021;82;Trinidad and Tobago
2022;79;Trinidad and Tobago
2023;73;Trinidad and Tobago
2000;78;Tunisia
2001;73;Tunisia
2002;76;Tunisia
2003;68;Tunisia
2004;72;Tunisia
2005;73;Tunisia
2006;71;Tunisia
2007;98;Tunisia
2008;86;Tunisia
2009;81;Tunisia
2010;79;Tunisia
2011;67;Tunisia
2012;66;Tunisia
2013;64;Tunisia
2014;53;Tunisia
2015;40;Tunisia
2016;42;Tunisia
2017;42;Tunisia
2018;40;Tunisia
2019;38;Tunisia
2020;35;Tunisia
2021;42;Tunisia
2022;36;Tunisia
2023;34;Tunisia
2004;43;Turkey
2005;46;Turkey
2006;44;Turkey
2007;46;Turkey
2008;48;Turkey
2009;54;Turkey
2010;56;Turkey
2011;55;Turkey
2012;56;Turkey
2013;56;Turkey
2014;56;Turkey
2015;61;Turkey
2016;63;Turkey
2017;65;Turkey
2018;70;Turkey
2019;75;Turkey
2020;78;Turkey
2021;84;Turkey
2022;87;Turkey
2023;97;Turkey
2000;158;Turkmenistan
2001;177;Turkmenistan
2002;189;Turkmenistan
2003;212;Turkmenistan
2004;207;Turkmenistan
2005;211;Turkmenistan
2006;187;Turkmenistan
2007;205;Turkmenistan
2008;189;Turkmenistan
2009;198;Turkmenistan
2010;216;Turkmenistan
2011;225;Turkmenistan
2012;246;Turkmenistan
2013;256;Turkmenistan
2014;263;Turkmenistan
2015;278;Turkmenistan
2016;266;Turkmenistan
2017;270;Turkmenistan
2018;269;Turkmenistan
2019;252;Turkmenistan
2020;240;Turkmenistan
2021;253;Turkmenistan
2022;255;Turkmenistan
2023;275;Turkmenistan
2000;82;Ukraine
2001;82;Ukraine
2002;83;Ukraine
2003;87;Ukraine
2004;95;Ukraine
2005;98;Ukraine
2006;106;Ukraine
2007;106;Ukraine
2008;99;Ukraine
2009;93;Ukraine
2010;82;Ukraine
2011;78;Ukraine
2012;80;Ukraine
2013;74;Ukraine
2014;65;Ukraine
2015;60;Ukraine
2016;57;Ukraine
2017;56;Ukraine
2018;58;Ukraine
2019;62;Ukraine
2020;61;Ukraine
2021;62;Ukraine
2022;18;Ukraine
2023;7.2;Ukraine
2000;2622;United Arab Emirates
2001;2575;United Arab Emirates
2002;2406;United Arab Emirates
2003;2750;United Arab Emirates
2004;2849;United Arab Emirates
2005;3004;United Arab Emirates
2006;3158;United Arab Emirates
2007;3061;United Arab Emirates
2008;3046;United Arab Emirates
2009;2794;United Arab Emirates
2010;2813;United Arab Emirates
2011;3214;United Arab Emirates
2012;3399;United Arab Emirates
2013;3439;United Arab Emirates
2014;3542;United Arab Emirates
2015;3676;United Arab Emirates
2016;3768;United Arab Emirates
2017;3724;United Arab Emirates
2018;3786;United Arab Emirates
2019;4130;United Arab Emirates
2020;3780;United Arab Emirates
2021;3786;United Arab Emirates
2022;4237;United Arab Emirates
2023;4163;United Arab Emirates
2000;2694;United Kingdom
2001;2493;United Kingdom
2002;2482;United Kingdom
2003;2279;United Kingdom
2004;2105;United Kingdom
2005;1902;United Kingdom
2006;1730;United Kingdom
2007;1722;United Kingdom
2008;1588;United Kingdom
2009;1502;United Kingdom
2010;1404;United Kingdom
2011;1159;United Kingdom
2012;999;United Kingdom
2013;922;United Kingdom
2014;910;United Kingdom
2015;1009;United Kingdom
2016;1066;United Kingdom
2017;1053;United Kingdom
2018;1155;United Kingdom
2019;1180;United Kingdom
2020;1099;United Kingdom
2021;937;United Kingdom
2022;883;United Kingdom
2023;798;United Kingdom
2000;9058;United States
2001;8957;United States
2002;8998;United States
2003;8766;United States
2004;8722;United States
2005;8327;United States
2006;8314;United States
2007;8466;United States
2008;8564;United States
2009;9137;United States
2010;9698;United States
2011;10151;United States
2012;11143;United States
2013;12395;United States
2014;14158;United States
2015;15155;United States
2016;14850;United States
2017;15673;United States
2018;17910;United States
2019;19471;United States
2020;18609;United States
2021;19036;United States
2022;20383;United States
2023;21973;United States
2004;18;United States Virgin Islands
2005;18;United States Virgin Islands
2006;18;United States Virgin Islands
2007;17;United States Virgin Islands
2008;17;United States Virgin Islands
2009;17;United States Virgin Islands
2010;14;United States Virgin Islands
2011;17;United States Virgin Islands
2012;8.1;United States Virgin Islands
2004;0.9;Uruguay
2005;1;Uruguay
2006;1;Uruguay
2007;1;Uruguay
2008;1;Uruguay
2009;0.7;Uruguay
2010;1.2;Uruguay
2011;1.4;Uruguay
2012;1.5;Uruguay
2013;1.9;Uruguay
2014;2.1;Uruguay
2015;1.9;Uruguay
2016;1.9;Uruguay
2017;1.9;Uruguay
2018;2;Uruguay
2019;2;Uruguay
2020;2;Uruguay
2021;1.5;Uruguay
2022;1.4;Uruguay
2023;1.5;Uruguay
2000;175;Uzbekistan
2001;168;Uzbekistan
2002;166;Uzbekistan
2003;176;Uzbekistan
2004;164;Uzbekistan
2005;166;Uzbekistan
2006;157;Uzbekistan
2007;145;Uzbekistan
2008;110;Uzbekistan
2009;72;Uzbekistan
2010;54;Uzbekistan
2011;60;Uzbekistan
2012;68;Uzbekistan
2013;71;Uzbekistan
2014;66;Uzbekistan
2015;61;Uzbekistan
2016;54;Uzbekistan
2017;47;Uzbekistan
2018;44;Uzbekistan
2019;41;Uzbekistan
2020;39;Uzbekistan
2021;38;Uzbekistan
2022;62;Uzbekistan
2023;66;Uzbekistan
2000;3220;Venezuela
2001;3142;Venezuela
2002;2752;Venezuela
2003;2506;Venezuela
2004;2877;Venezuela
2005;3113;Venezuela
2006;3037;Venezuela
2007;3014;Venezuela
2008;2701;Venezuela
2009;2708;Venezuela
2010;2598;Venezuela
2011;2682;Venezuela
2012;2684;Venezuela
2013;2683;Venezuela
2014;2684;Venezuela
2015;2577;Venezuela
2016;2330;Venezuela
2017;2066;Venezuela
2018;1539;Venezuela
2019;928;Venezuela
2020;553;Venezuela
2021;614;Venezuela
2022;723;Venezuela
2023;770;Venezuela
2000;333;Vietnam
2001;347;Vietnam
2002;347;Vietnam
2003;346;Vietnam
2004;420;Vietnam
2005;371;Vietnam
2006;366;Vietnam
2007;323;Vietnam
2008;312;Vietnam
2009;342;Vietnam
2010;312;Vietnam
2011;315;Vietnam
2012;344;Vietnam
2013;347;Vietnam
2014;319;Vietnam
2015;369;Vietnam
2016;337;Vietnam
2017;288;Vietnam
2018;257;Vietnam
2019;240;Vietnam
2020;215;Vietnam
2021;206;Vietnam
2022;201;Vietnam
2023;195;Vietnam
2000;450;Yemen
2001;453;Yemen
2002;457;Yemen
2003;451;Yemen
2004;447;Yemen
2005;445;Yemen
2006;420;Yemen
2007;369;Yemen
2008;300;Yemen
2009;286;Yemen
2010;281;Yemen
2011;217;Yemen
2012;169;Yemen
2013;131;Yemen
2014;125;Yemen
2015;48;Yemen
2016;18;Yemen
2017;32;Yemen
2018;47;Yemen
2019;63;Yemen
2020;58;Yemen
2021;57;Yemen
2022;49;Yemen
2023;15;Yemen
2004;0.2;Zambia
2005;0.2;Zambia
2006;0.2;Zambia
2007;0.2;Zambia
2008;0.1;Zambia
2009;0.1;Zambia
2010;0.1;Zambia
2011;0.2;Zambia
2012;0.2;Zambia
2013;0.1;Zambia
2014;0.1;Zambia
2015;0.1;Zambia
2016;0.1;Zambia
2017;0.1;Zambia
2018;0.1;Zambia
2019;0.1;Zambia
2020;0.1;Zambia
2021;0.1;Zambia
2022;0.1;Zambia
2023;0.1;Zambia
